"nombre,apellido,dni,telefono,email,direccion"""
"Rosaura,Campos,86323790,+34 842 09 61 71,casemiroledesma@gmail.com,""Acceso de Carmelita Mendez 95 Puerta 5 , Baleares, 16862"""
"Nando,Diaz,17408156,+34737 874 690,barcopilar@gmail.com,""Callejon Wilfredo Poza 4, Soria, 82240"""
"Alejandro,Barranco,33507678,+34 895093884,ricojuan-jose@gmail.com,""Pasaje de Hortensia Gallart 88 Apt. 82 , Almeria, 17060"""
"Demetrio,Samper,21523950,+34935775688,cloe80@hotmail.com,""Cuesta Rogelio Carreras 1, Huesca, 28247"""
"Manuel,Gual,94885858,+34 807 594 688,reigjordi@yahoo.com,""Glorieta de Flavia Casado 47 Apt. 04 , Zamora, 48198"""
"Guadalupe,Hoyos,92627065,+34738 772 632,mariano27@tur-riera.com,""Vial de Lina Salinas 40 Puerta 1 , Burgos, 04455"""
"Eva,Rosello,61089426,+34748518789,lourdeszamora@pedrosa.org,""Calle Bernardo Chamorro 61 Puerta 8 , Valencia, 00918"""
"Lupe,Carreno,35870061,+34620 262 434,amarmol@marco-cespedes.org,""C. Anastasia Rosales 92 Piso 3 , Guipuzcoa, 70589"""
"Rolando,Cozar,85964204,+34710 588 668,josefavara@yahoo.com,""Rambla de Jose Manuel Aragon 83 Puerta 8 , Navarra, 23529"""
"Josefa,Barragan,41265024,+34 981342783,martinzapata@carreno-aznar.org,""Pasadizo Reina Valderrama 19 Apt. 66 , Cadiz, 86860"""
"Samu,Sancho,14157220,+34 857 956 417,tiburcio21@calzada-calvet.net,""Alameda de Goyo Salgado 78, Badajoz, 27720"""
"Hernan,Bello,20375694,+34746 78 17 71,juan-franciscovalentin@nunez.es,""Cuesta Hilda Diaz 9, Huesca, 34692"""
"Azucena,Barcelo,46892351,+34700 66 12 35,leocadioribas@benavent.net,""Acceso Irma Crespo 947 Apt. 69 , Melilla, 00546"""
"Crescencia,Cabello,75485376,+34 749257861,vbueno@espejo-borja.com,""Via de Jenaro Murillo 54 Puerta 2 , Palencia, 74878"""
"Prudencio,Bauza,44508710,+34703 57 53 81,elodiaarribas@hotmail.com,""Plaza de Serafina Castro 45 Puerta 6 , Tarragona, 03625"""
"Rafa,Cerdan,54184203,+34 721583444,jose-ramon98@yahoo.com,""C. Luis Miguel Iglesia 240, Avila, 96924"""
"Maxi,Cuesta,12086373,+34709 85 13 04,hugo97@gmail.com,""Cuesta Anibal Maestre 580 Puerta 0 , Caceres, 83960"""
"Flor,Tejada,12808188,+34909 38 33 93,doraledesma@yahoo.com,""Camino Dani Sales 43 Puerta 5 , Valladolid, 56727"""
"Maria Jose,Fuertes,24771870,+34725075654,nievesbarrios@tome-torrents.es,""Avenida de Celso Barros 3 Puerta 6 , Almeria, 17011"""
"Ruben,Lillo,69451979,+34 973 819 252,leocadioalvaro@gmail.com,""Pasaje Paola Yanez 937, Teruel, 48882"""
"Nicodemo,Roma,56697704,+34 726 22 46 73,maritafolch@gallart.es,""Camino de Renato Romeu 362, Ciudad, 22053"""
"Tamara,Llabres,21221133,+34 718 18 35 94,hilda43@gmail.com,""Alameda de Goyo Rios 12 Apt. 46 , Valladolid, 65285"""
"Edelmiro,Morales,54626984,+34722590406,zvalencia@gmail.com,""Glorieta Encarna Montoya 34, Alicante, 72290"""
"Venceslas,Cortina,20545438,+34742 134 082,benignaarino@gmail.com,""Via Eliseo Segui 88, Girona, 57468"""
"Carmelo,Arevalo,26180274,+34742108138,reinaldocampo@hotmail.com,""Via de Jose Miguel Elorza 27 Piso 1 , La Coruna, 22025"""
"Belen,Pulido,30221789,+34739 94 13 18,araujomelania@yahoo.com,""Pasadizo Lucio Enriquez 36 Apt. 62 , Zaragoza, 55642"""
"Ligia,Canales,12349929,+34726182725,noeliadominguez@gmail.com,""Pasadizo Catalina Silva 99 Apt. 48 , Melilla, 68984"""
"Maria Cristina,Luna,55306184,+34747425891,ramonselena@pou.com,""Canada de Martirio Figueroa 340 Piso 1 , Segovia, 57056"""
"Raul,Baeza,97170836,+34 705221074,patinoetelvina@yahoo.com,""C. de Rafaela Escriva 75 Puerta 6 , Ciudad, 61430"""
"Geronimo,Lorenzo,47506068,+34700642194,magdalenabarbera@heras-vilar.net,""C. Salvador Perez 63 Piso 7 , Toledo, 52805"""
"Palmira,Barragan,22153729,+34654855084,manullorens@hotmail.com,""Paseo Humberto Hernando 9 Piso 3 , Pontevedra, 49107"""
"Zacarias,Anaya,28818273,+34 720370445,llanojosefina@hoz.es,""Pasaje Maxi Tejero 32, Almeria, 18602"""
"Sara,Valentin,75213634,+34 722 72 48 95,ramisandrea@gimenez.net,""Plaza de Samanta Lobo 28 Puerta 8 , Cadiz, 72122"""
"Hipolito,Bolanos,21947178,+34840 73 24 27,vergarafelix@pina.com,""Acceso de Micaela Cerro 77, Murcia, 48001"""
"Porfirio,Valdes,37772308,+34703 728 787,soleraevaristo@morillo.org,""Rambla de Rodolfo Daza 4 Apt. 68 , Albacete, 94033"""
"Felipa,Canales,48843905,+34 645999526,lfeliu@yahoo.com,""Paseo Albert Vicente 60, Palencia, 87792"""
"Hipolito,Salvador,53439000,+34736 59 85 05,cepedacarmelo@yahoo.com,""Via de Hilario Duran 16, Alava, 35153"""
"Goyo,Rico,82578658,+34727 381 015,naciomoran@pages-iglesia.org,""Calle Chita Hidalgo 96, Valladolid, 38363"""
"Ruperta,Romero,19920400,+34 639 191 499,agustin34@yahoo.com,""C. de Loida Armas 46, Melilla, 50715"""
"Ines,Antunez,46209601,+34 707 737 405,zbenito@hotmail.com,""Via Marisa Ibanez 678 Puerta 7 , Baleares, 46942"""
"Salvador,Ramirez,72589320,+34 729 17 65 32,kgallego@gmail.com,""Rambla de Jose Manuel Arnal 18 Piso 0 , Alicante, 21267"""
"Balduino,Perez,19987224,+34 729 775 472,gilteo@gmail.com,""Rambla Juan Manuel Gual 4 Apt. 93 , La Coruna, 10061"""
"Monica,Pardo,16663985,+34 705 531 803,bcarnero@blanca.org,""Paseo Otilia Luis 307, Ourense, 25409"""
"Santiago,Vinas,62152963,+34 739 64 79 18,cpalomino@hotmail.com,""Via de Celestino Guerra 60, Vizcaya, 74690"""
"Aaron,Marco,90610813,+34712 57 44 26,gregoriolumbreras@grande-ferrando.es,""Camino de Nidia Gomila 56, Burgos, 71507"""
"Bernardino,Cuenca,25154343,+34 740840923,tejeramanolo@salazar-reina.es,""C. Jose Angel Aleman 442, Almeria, 47197"""
"Felicidad,Amigo,48956829,+34700036774,tvaldes@gmail.com,""Acceso de Maria Luisa Echevarria 11, Teruel, 85386"""
"Cristina,Ibanez,13138688,+34 712 53 07 39,anacletolloret@hotmail.com,""C. Heraclio Nieto 68 Puerta 1 , Granada, 70154"""
"Erasmo,Pont,45913041,+34 705 721 279,ricartalejandra@ramos.org,""Pasadizo de Gala Iniguez 20, Navarra, 92163"""
"Martin,Godoy,32811111,+34724525371,ferrandezgeronimo@hotmail.com,""Ronda de Morena Castellanos 591, Murcia, 37978"""
"Emigdio,Camino,52395216,+34708 440 707,jsastre@hotmail.com,""C. de Camilo Roman 87 Puerta 3 , Cantabria, 26050"""
"Rufino,Morell,24381716,+34 745900250,adan70@alonso.es,""Pasaje Fortunato Reyes 73 Apt. 34 , Ourense, 16104"""
"Juana,Sedano,88821512,+34 714 196 974,benitozaragoza@gmail.com,""Plaza de Fatima Hernandez 45 Apt. 41 , Zaragoza, 19730"""
"Javier,Rius,11422704,+34725 114 333,ocasals@hotmail.com,""Rambla de Maria Luisa Mayo 206, Vizcaya, 74858"""
"Luisina,Correa,96712462,+34 852 19 29 99,ximena12@rosado-rebollo.com,""Vial Patricia Aguilera 61 Apt. 23 , Zamora, 56358"""
"Sancho,Raya,32202489,+34 942822134,lorenasanjuan@farre.com,""Avenida de Martin Perez 67, Baleares, 35697"""
"Adriana,Reguera,76967831,+34743 43 31 06,mateoluciano@ojeda.com,""C. Pio Torralba 942 Puerta 8 , Salamanca, 43262"""
"Aurea,Sanjuan,83650918,+34 937 059 763,juanaclemente@agudo.com,""Cuesta de Aranzazu Almeida 7, Alava, 73608"""
"Santiago,Canals,49789587,+34742786186,dmontserrat@valderrama-cabo.org,""Paseo de Celestino Adadia 15 Apt. 10 , Girona, 73479"""
"Xavier,Ricart,63394476,+34733 743 829,peraruben@gmail.com,""Callejon Haroldo Sales 13 Puerta 4 , Huesca, 34274"""
"Aristides,Gimeno,35671386,+34723258134,barcenaaurora@rivas.com,""Cuesta Ezequiel Domenech 3, Alicante, 78964"""
"Narcisa,Acosta,48594370,+34 677 87 49 08,ramona46@gmail.com,""Calle de Marisela Reguera 551, Palencia, 05677"""
"Federico,Montalban,41780056,+34713 48 45 85,acarpio@pizarro-arteaga.org,""Paseo Concepcion Casas 41, Salamanca, 22031"""
"Leticia,Dieguez,75329247,+34624 912 352,dafne31@hotmail.com,""Glorieta Herminio Benavides 30, Navarra, 62905"""
"Bienvenida,Barreda,66491782,+34612 87 47 99,brigida16@gmail.com,""Paseo de Priscila Alonso 32 Puerta 9 , Ciudad, 46854"""
"Alejo,Ibanez,56950972,+34717326925,andres-felipegalvez@rivera-acevedo.com,""C. Bautista Martinez 185 Apt. 90 , Burgos, 96927"""
"Candela,Polo,15518150,+34 970 02 99 74,romanaugusto@casal.net,""Calle Gabriel Chico 52 Puerta 6 , Lleida, 07496"""
"Salomon,Lumbreras,12791675,+34902592834,odalisesparza@hotmail.com,""Avenida Pascuala Casanovas 7 Apt. 38 , Castellon, 82230"""
"Candelario,Campo,91167104,+34969 43 09 64,lope73@hotmail.com,""Glorieta Odalys Chamorro 23 Puerta 2 , La Coruna, 78579"""
"Alicia,Sanjuan,31520324,+34 731 848 384,piagueda@gmail.com,""Callejon Maria Cristina Carballo 68, Pontevedra, 73542"""
"Chus,Mayoral,23713249,+34 712781086,benitopuerta@correa-madrid.es,""Camino de Rita Blasco 831 Apt. 79 , Alava, 74118"""
"Americo,Gual,85926366,+34731 45 74 89,qllopis@yahoo.com,""Ronda Cesar Nebot 9 Puerta 2 , Tarragona, 39285"""
"Marcial,Cabrera,98195322,+34 734 687 119,floraromeu@nebot.org,""Cuesta Julio Barros 80 Apt. 96 , Melilla, 10241"""
"Nereida,Llorente,54538769,+34645196143,azaharatolosa@trillo.net,""Via de Ildefonso Cabanas 687 Piso 9 , Lugo, 90389"""
"Carlota,Aguirre,77324959,+34686 54 96 19,bienvenidagutierrez@acevedo-villegas.es,""Acceso de Maria Jesus Bilbao 6, Teruel, 72835"""
"Manuelita,Angel,19648945,+34 710 561 418,mescamilla@hurtado-mateu.net,""Glorieta de Abril Ribera 74 Puerta 2 , Girona, 93079"""
"Jeronimo,Galindo,14023014,+34 724 827 470,valeria12@hotmail.com,""Urbanizacion Concha Canals 1, Huelva, 38673"""
"Daniel,Capdevila,77109702,+34891 88 54 27,juan-carlos72@gmail.com,""Rambla de Blas Sierra 3, Alicante, 57659"""
"Ariel,Cerezo,11571845,+34 710 606 875,lcruz@olivera.es,""Urbanizacion Carlota Saldana 4, Pontevedra, 15675"""
"Heliodoro,Botella,57657001,+34 729188183,floresmaribel@prieto.net,""Glorieta Ainoa Reig 63, Pontevedra, 29744"""
"Tomas,Roldan,22899086,+34 747 27 26 14,adelina46@yahoo.com,""Vial Itziar Camino 31 Puerta 7 , Lleida, 33524"""
"Tono,Gascon,27262918,+34653 03 37 20,maximabayo@dominguez.es,""Urbanizacion de Teodoro Gilabert 85, Santa Cruz de Tenerife, 73843"""
"Andres Felipe,Castilla,89724924,+34 719 155 159,cerropilar@giner-pizarro.net,""Pasadizo Clementina Castejon 2, Zamora, 74966"""
"Jose Carlos,Anglada,54101747,+34 722707526,cleto71@pujadas.es,""Pasaje Jose Manuel Fajardo 10 Apt. 97 , Guipuzcoa, 70180"""
"Yessica,Caparros,90885066,+34825 938 186,bjover@gmail.com,""Callejon de Ines Hoyos 324, Salamanca, 25314"""
"Cintia,Jaen,84008188,+34688 94 23 36,jose71@hotmail.com,""Acceso Anita Paredes 578 Piso 1 , Huesca, 97755"""
"Silvestre,Reyes,27175522,+34718 924 115,mireiarios@ruiz.org,""Canada Jose Francisco Carnero 95, Cantabria, 69468"""
"Lupe,Cardenas,21755338,+34 701 391 295,ggargallo@plaza.com,""Pasaje de Tiburcio Salas 273 Apt. 75 , Almeria, 39825"""
"Rebeca,Cardona,55168665,+34 745 15 23 00,nazaret60@cozar.es,""Paseo Cruz Toledo 52 Apt. 68 , Asturias, 20544"""
"Emperatriz,Tamayo,13159017,+34 709 03 04 60,chita93@aguilo-prat.com,""C. Toni Cuevas 6 Piso 8 , Navarra, 20077"""
"Jacinto,Pol,47978257,+34897 98 21 82,unicolau@gmail.com,""Plaza de Nicodemo Gascon 96, Melilla, 99875"""
"Ingrid,Arrieta,78009520,+34 716 44 91 45,adelareal@agustin.com,""Calle de Maria Jesus Diez 4, Granada, 42757"""
"Montserrat,Aguila,44209139,+34 721 065 045,pepe85@vara-estevez.net,""Calle de Edgardo Cabeza 512, Ciudad, 16971"""
"Alejandra,Clemente,45324827,+34708085994,scarreras@pinedo.com,""Ronda de Maria Tapia 400 Apt. 60 , La Coruna, 60515"""
"Claudia,Torrens,58784688,+34741009337,buenocustodio@vilar.es,""Rambla Luna Ocana 46, Melilla, 55467"""
"Serafina,Pina,88989493,+34736 052 460,caminofrancisco-jose@agudo.es,""C. de Valeria Raya 714 Apt. 97 , Melilla, 55845"""
"Fanny,Barba,62936654,+34646529185,bassarita@yahoo.com,""Rambla Lorenza Amor 9, Alicante, 97138"""
"Paola,Iglesia,45799298,+34 738 259 940,teodorocarnero@gmail.com,""Callejon de Maribel Serna 388 Apt. 69 , Granada, 97150"""
"German,Rosello,20358205,+34873 63 32 26,zrivas@mercader-cordoba.org,""C. Esther Sanjuan 17 Apt. 24 , Palencia, 99475"""
"Magdalena,Bauza,91741077,+34724 760 966,vilaltabruno@gmail.com,""Glorieta Gervasio Ocana 35, Asturias, 45026"""
